ARG_ID,OWNER_KND,OWNER_NAM,ARG_NAME,DEF_LOCALE,REGION_ID,ARG_KIND,VAL_SHAPE,REQUIRED,REPEAT,SRC_AUTH,SRC_FILE,ACTIVE,VER_AT,NOTES
"ARG_AGGS_PRED","command","AGGS","PRED","en-US","GLOBAL","placeholder","predicate",false,false,"usage_contract_v1","src/cli/cmd_aggs.cpp",true,"","noargs=usage ; usage=AVG <value_expr> [FOR <pred>] [WHERE <pred>] [DELETED|NOT DELETED|!DELETED] ; usage=MAX <value_expr> [FOR <pred>] [WHERE <pred>] [DELETED|NOT DELETED|!DELETED] ; usage=MIN <value_expr> [FOR <pred>] [WHERE <pred>] [DELETED|NOT DELETED|!DELETED] ; usage=SUM <value_expr> [FOR <pred>] [WHERE <pred>] [DELETED|NOT DELETED|!DELETED] ; usage_access=AGGS USAGE"
"ARG_AGGS_VALUE_EXPR","command","AGGS","VALUE_EXPR","en-US","GLOBAL","placeholder","expression",true,false,"usage_contract_v1","src/cli/cmd_aggs.cpp",true,"","noargs=usage ; usage=AVG <value_expr> [FOR <pred>] [WHERE <pred>] [DELETED|NOT DELETED|!DELETED] ; usage=MAX <value_expr> [FOR <pred>] [WHERE <pred>] [DELETED|NOT DELETED|!DELETED] ; usage=MIN <value_expr> [FOR <pred>] [WHERE <pred>] [DELETED|NOT DELETED|!DELETED] ; usage=SUM <value_expr> [FOR <pred>] [WHERE <pred>] [DELETED|NOT DELETED|!DELETED] ; usage_access=AGGS USAGE"
"ARG_APPEND_COUNT","command","APPEND","COUNT","en-US","GLOBAL","placeholder","integer",false,false,"usage_contract_v1","src/cli/cmd_append.cpp",true,"","noargs=mutate ; usage=APPEND <count> ; usage=APPEND MANY <count> ; usage=APPEND RAW MANY <count> ; usage_access=APPEND USAGE"
"ARG_BANG_COMMAND","command","BANG","COMMAND","en-US","GLOBAL","placeholder","value",false,false,"usage_contract_v1","src/cli/cmd_bang.cpp",true,"","noargs=execute ; usage=! <command> ; usage=BANG <command> ; usage_access=BANG USAGE"
"ARG_BUILDLMDB_SIZE","command","BUILDLMDB","SIZE","en-US","GLOBAL","placeholder","value",false,false,"usage_contract_v1","src/cli/cmd_buildlmdb.cpp",true,"","noargs=mutate ; usage=BUILDLMDB CLEAN MAPSIZE <size> YES ; usage=BUILDLMDB MAPSIZE <size> YES ; usage_access=BUILDLMDB USAGE"
"ARG_CALC_EXPR","command","CALC","EXPR","en-US","GLOBAL","placeholder","expression",true,false,"usage_contract_v1","src/cli/cmd_calc.cpp",true,"","noargs=value ; usage=CALC (<expr>) ; usage=CALC <expr> ; usage=CALC <field> = <expr> ; usage_access=CALC USAGE"
"ARG_CALC_FIELD","command","CALC","FIELD","en-US","GLOBAL","placeholder","field-name",false,false,"usage_contract_v1","src/cli/cmd_calc.cpp",true,"","noargs=value ; usage=CALC <field> = <expr> ; usage_access=CALC USAGE"
"ARG_CALCWRITE_EXPR","command","CALCWRITE","EXPR","en-US","GLOBAL","placeholder","expression",true,false,"usage_contract_v1","src/cli/cmd_calcwrite.cpp",true,"","noargs=usage ; usage=CALCWRITE <field> = <expr> ; usage_access=CALCWRITE USAGE"
"ARG_CALCWRITE_FIELD","command","CALCWRITE","FIELD","en-US","GLOBAL","placeholder","field-name",true,false,"usage_contract_v1","src/cli/cmd_calcwrite.cpp",true,"","noargs=usage ; usage=CALCWRITE <field> = <expr> ; usage_access=CALCWRITE USAGE"
"ARG_CDX_NAME","command","CDX","NAME","en-US","GLOBAL","placeholder","value",false,false,"usage_contract_v1","src/cli/cmd_cdx.cpp",true,"","noargs=usage ; usage=CDX ADDTAG <name> [<path.cdx>] ; usage=CDX DROPTAG <name> [<path.cdx>] ; usage_access=CDX USAGE"
"ARG_CDX_PATH_CDX","command","CDX","PATH_CDX","en-US","GLOBAL","placeholder","path",false,false,"usage_contract_v1","src/cli/cmd_cdx.cpp",true,"","noargs=usage ; usage=CDX ADDTAG <name> [<path.cdx>] ; usage=CDX CREATE [<path.cdx>] ; usage=CDX DROPTAG <name> [<path.cdx>] ; usage=CDX INFO [<path.cdx>] ; usage=CDX TAGS [<path.cdx>] ; usage_access=CDX USAGE"
"ARG_CNX_NAME","command","CNX","NAME","en-US","GLOBAL","placeholder","value",false,false,"usage_contract_v1","src/cli/cmd_cnx.cpp",true,"","noargs=usage ; usage=CNX ADDTAG <name> [<path.cnx>] ; usage=CNX DROPTAG <name> [<path.cnx>] ; usage_access=CNX USAGE"
"ARG_CNX_PATH_CNX","command","CNX","PATH_CNX","en-US","GLOBAL","placeholder","path",false,false,"usage_contract_v1","src/cli/cmd_cnx.cpp",true,"","noargs=usage ; usage=CNX ADDTAG <name> [<path.cnx>] ; usage=CNX CREATE [<path.cnx>] ; usage=CNX DROPTAG <name> [<path.cnx>] ; usage=CNX INFO [<path.cnx>] ; usage=CNX TAGS [<path.cnx>] ; usage=CNX TRACE <tag> [<path.cnx>] ; usage=CNX WALK <tag> [<path.cnx>] ; usage_access=CNX USAGE"
"ARG_CNX_TAG","command","CNX","TAG","en-US","GLOBAL","placeholder","name",false,false,"usage_contract_v1","src/cli/cmd_cnx.cpp",true,"","noargs=usage ; usage=CNX TRACE <tag> [<path.cnx>] ; usage=CNX WALK <tag> [<path.cnx>] ; usage_access=CNX USAGE"
"ARG_CODASYL_MEMBER_ALIAS","command","CODASYL","MEMBER_ALIAS","en-US","GLOBAL","placeholder","value",false,false,"usage_contract_v1","src/cli/cmd_codaysl.cpp",true,"","noargs=usage ; usage=CODASYL GET FIRST <member_alias> ; usage=CODASYL GET NEXT <member_alias> ; usage=CODASYL WALK <member_alias> ; usage_access=CODASYL USAGE"
"ARG_CODASYL_NAME","command","CODASYL","NAME","en-US","GLOBAL","placeholder","value",false,false,"usage_contract_v1","src/cli/cmd_codaysl.cpp",true,"","noargs=usage ; usage=CODASYL SHOW SET <name> ; usage_access=CODASYL USAGE"
"ARG_CODASYL_OWNER_ALIAS","command","CODASYL","OWNER_ALIAS","en-US","GLOBAL","placeholder","value",false,false,"usage_contract_v1","src/cli/cmd_codaysl.cpp",true,"","noargs=usage ; usage=CODASYL FIND OWNER <owner_alias> <value> ; usage_access=CODASYL USAGE"
"ARG_CODASYL_SET","command","CODASYL","SET","en-US","GLOBAL","placeholder","value",false,false,"usage_contract_v1","src/cli/cmd_codaysl.cpp",true,"","noargs=usage ; usage=CODASYL FIND OWNER <set> <value> ; usage=CODASYL GET FIRST <set> ; usage=CODASYL GET NEXT <set> ; usage=CODASYL WALK <set> ; usage_access=CODASYL USAGE"
"ARG_CODASYL_VALUE","command","CODASYL","VALUE","en-US","GLOBAL","placeholder","expression",false,false,"usage_contract_v1","src/cli/cmd_codaysl.cpp",true,"","noargs=usage ; usage=CODASYL FIND OWNER <owner_alias> <value> ; usage=CODASYL FIND OWNER <set> <value> ; usage_access=CODASYL USAGE"
"ARG_CODASYL_WORLD","command","CODASYL","WORLD","en-US","GLOBAL","placeholder","value",false,false,"usage_contract_v1","src/cli/cmd_codaysl.cpp",true,"","noargs=usage ; usage=CODASYL LOAD <world> ; usage_access=CODASYL USAGE"
"ARG_CONTINUE_EXPR","command","CONTINUE","EXPR","en-US","GLOBAL","placeholder","expression",true,false,"usage_contract_v1","src/cli/cmd_continue.cpp",true,"","noargs=navigate ; usage=CONTINUE FOR <expr> ; usage_access=CONTINUE USAGE"
"ARG_COPY_DBFNAME","command","COPY","DBFNAME","en-US","GLOBAL","placeholder","table-ref",false,false,"usage_contract_v1","src/cli/cmd_copy.cpp",true,"","noargs=usage ; usage=COPY TO <DBFNAME> AS <MSDOS|DBASE|FOX26|FOXPRO|VFP|X64> [OVERWRITE] ; usage=COPY TO <DBFNAME> AS X64 VECTOR [OVERWRITE] ; usage=COPY TO <DBFNAME> [WITH SIDECARS] [OVERWRITE] ; usage_access=COPY USAGE"
"ARG_COPY_DST","command","COPY","DST","en-US","GLOBAL","placeholder","value",false,false,"usage_contract_v1","src/cli/cmd_copy.cpp",true,"","noargs=usage ; usage=COPY FILE <SRC> TO <DST> [OVERWRITE] ; usage_access=COPY USAGE"
"ARG_COPY_MSDOS_DBASE_FOX26_FOXPRO_VFP_X64","command","COPY","MSDOS_DBASE_FOX26_FOXPRO_VFP_X64","en-US","GLOBAL","placeholder","value",false,false,"usage_contract_v1","src/cli/cmd_copy.cpp",true,"","noargs=usage ; usage=COPY TO <DBFNAME> AS <MSDOS|DBASE|FOX26|FOXPRO|VFP|X64> [OVERWRITE] ; usage_access=COPY USAGE"
"ARG_COPY_SRC","command","COPY","SRC","en-US","GLOBAL","placeholder","value",false,false,"usage_contract_v1","src/cli/cmd_copy.cpp",true,"","noargs=usage ; usage=COPY FILE <SRC> TO <DST> [OVERWRITE] ; usage_access=COPY USAGE"
"ARG_COUNT_EXPR","command","COUNT","EXPR","en-US","GLOBAL","placeholder","expression",false,false,"usage_contract_v1","src/cli/cmd_count.cpp",true,"","noargs=report ; usage=COUNT <expr> ; usage=COUNT FOR <expr> ; usage=COUNT WHERE <expr> ; usage_access=COUNT USAGE"
"ARG_CREATE_FIELD","command","CREATE","FIELD","en-US","GLOBAL","placeholder","field-name",true,false,"usage_contract_v1","src/cli/cmd_create.cpp",true,"","noargs=usage ; usage=CREATE <name> (<field> <type>[, ...]) ; usage=CREATE DBASE <name> (<field> <type>[, ...]) ; usage=CREATE FOX26 <name> (<field> <type>[, ...]) ; usage=CREATE FOXPRO <name> (<field> <type>[, ...]) ; usage=CREATE MSDOS <name> (<field> <type>[, ...]) ; usage=CREATE VFP <name> (<field> <type>[, ...]) ; usage=CREATE X64 <name> (<field> <type>[, ...]) ; usage_access=CREATE USAGE"
"ARG_CREATE_NAME","command","CREATE","NAME","en-US","GLOBAL","placeholder","value",true,false,"usage_contract_v1","src/cli/cmd_create.cpp",true,"","noargs=usage ; usage=CREATE <name> (<field> <type>[, ...]) ; usage=CREATE DBASE <name> (<field> <type>[, ...]) ; usage=CREATE FOX26 <name> (<field> <type>[, ...]) ; usage=CREATE FOXPRO <name> (<field> <type>[, ...]) ; usage=CREATE MSDOS <name> (<field> <type>[, ...]) ; usage=CREATE VFP <name> (<field> <type>[, ...]) ; usage=CREATE X64 <name> (<field> <type>[, ...]) ; usage_access=CREATE USAGE"
"ARG_CREATE_TYPE","command","CREATE","TYPE","en-US","GLOBAL","placeholder","value",true,false,"usage_contract_v1","src/cli/cmd_create.cpp",true,"","noargs=usage ; usage=CREATE <name> (<field> <type>[, ...]) ; usage=CREATE DBASE <name> (<field> <type>[, ...]) ; usage=CREATE FOX26 <name> (<field> <type>[, ...]) ; usage=CREATE FOXPRO <name> (<field> <type>[, ...]) ; usage=CREATE MSDOS <name> (<field> <type>[, ...]) ; usage=CREATE VFP <name> (<field> <type>[, ...]) ; usage=CREATE X64 <name> (<field> <type>[, ...]) ; usage_access=CREATE USAGE"
"ARG_DBAREAS_N","command","DBAREAS","N","en-US","GLOBAL","placeholder","value",false,false,"usage_contract_v1","src/cli/cmd_dbareas.cpp",true,"","noargs=report ; usage=DBAREAS <n> ; usage_access=DBAREAS USAGE"
"ARG_DDL_FILE","command","DDL","FILE","en-US","GLOBAL","placeholder","file-path",false,false,"usage_contract_v1","src/cli/cmd_ddl.cpp",true,"","noargs=usage ; usage=DDL FETCH <url> TO <file> ; usage=DDL FETCH <url> TO <file> OVERWRITE ; usage_access=DDL USAGE"
"ARG_DDL_N","command","DDL","N","en-US","GLOBAL","placeholder","value",false,false,"usage_contract_v1","src/cli/cmd_ddl.cpp",true,"","noargs=usage ; usage=DDL CREATE DBF <out.dbf> FROM <schema.json> SEED BLANK <n> ; usage_access=DDL USAGE"
"ARG_DDL_OUT_DBF","command","DDL","OUT_DBF","en-US","GLOBAL","placeholder","table-ref",false,false,"usage_contract_v1","src/cli/cmd_ddl.cpp",true,"","noargs=usage ; usage=DDL CREATE DBF <out.dbf> FROM <schema.json> ; usage=DDL CREATE DBF <out.dbf> FROM <schema.json> EMIT SIDECARS ; usage=DDL CREATE DBF <out.dbf> FROM <schema.json> OVERWRITE ; usage=DDL CREATE DBF <out.dbf> FROM <schema.json> REJECTS <rejects.csv> ; usage=DDL CREATE DBF <out.dbf> FROM <schema.json> SEED BLANK <n> ; usage=DDL CREATE DBF <out.dbf> FROM <schema.json> SEED CSV <path.csv> ; usage_access=DDL USAGE"
"ARG_DDL_PATH_CSV","command","DDL","PATH_CSV","en-US","GLOBAL","placeholder","file-path",false,false,"usage_contract_v1","src/cli/cmd_ddl.cpp",true,"","noargs=usage ; usage=DDL CREATE DBF <out.dbf> FROM <schema.json> SEED CSV <path.csv> ; usage_access=DDL USAGE"
"ARG_DDL_REJECTS_CSV","command","DDL","REJECTS_CSV","en-US","GLOBAL","placeholder","file-path",false,false,"usage_contract_v1","src/cli/cmd_ddl.cpp",true,"","noargs=usage ; usage=DDL CREATE DBF <out.dbf> FROM <schema.json> REJECTS <rejects.csv> ; usage_access=DDL USAGE"
"ARG_DDL_SCHEMA_JSON","command","DDL","SCHEMA_JSON","en-US","GLOBAL","placeholder","value",false,false,"usage_contract_v1","src/cli/cmd_ddl.cpp",true,"","noargs=usage ; usage=DDL CREATE DBF <out.dbf> FROM <schema.json> ; usage=DDL CREATE DBF <out.dbf> FROM <schema.json> EMIT SIDECARS ; usage=DDL CREATE DBF <out.dbf> FROM <schema.json> OVERWRITE ; usage=DDL CREATE DBF <out.dbf> FROM <schema.json> REJECTS <rejects.csv> ; usage=DDL CREATE DBF <out.dbf> FROM <schema.json> SEED BLANK <n> ; usage=DDL CREATE DBF <out.dbf> FROM <schema.json> SEED CSV <path.csv> ; usage=DDL VALIDATE <schema.json> USING <validator.json> ; usage_access=DDL USAGE"
"ARG_DDL_URL","command","DDL","URL","en-US","GLOBAL","placeholder","value",false,false,"usage_contract_v1","src/cli/cmd_ddl.cpp",true,"","noargs=usage ; usage=DDL FETCH <url> TO <file> ; usage=DDL FETCH <url> TO <file> OVERWRITE ; usage_access=DDL USAGE"
"ARG_DDL_VALIDATOR_JSON","command","DDL","VALIDATOR_JSON","en-US","GLOBAL","placeholder","value",false,false,"usage_contract_v1","src/cli/cmd_ddl.cpp",true,"","noargs=usage ; usage=DDL VALIDATE <schema.json> USING <validator.json> ; usage_access=DDL USAGE"
"ARG_DELETE_FIELD","command","DELETE","FIELD","en-US","GLOBAL","placeholder","field-name",false,false,"usage_contract_v1","src/cli/cmd_delete.cpp",true,"","noargs=mutate ; usage=DELETE FOR <field> <op> <value> ; usage_access=DELETE USAGE"
"ARG_DELETE_N","command","DELETE","N","en-US","GLOBAL","placeholder","value",false,false,"usage_contract_v1","src/cli/cmd_delete.cpp",true,"","noargs=mutate ; usage=DELETE NEXT <n> ; usage_access=DELETE USAGE"
"ARG_DELETE_OP","command","DELETE","OP","en-US","GLOBAL","placeholder","value",false,false,"usage_contract_v1","src/cli/cmd_delete.cpp",true,"","noargs=mutate ; usage=DELETE FOR <field> <op> <value> ; usage_access=DELETE USAGE"
"ARG_DELETE_VALUE","command","DELETE","VALUE","en-US","GLOBAL","placeholder","expression",false,false,"usage_contract_v1","src/cli/cmd_delete.cpp",true,"","noargs=mutate ; usage=DELETE FOR <field> <op> <value> ; usage_access=DELETE USAGE"
"ARG_DIR_PATH","command","DIR","PATH","en-US","GLOBAL","placeholder","path",false,false,"usage_contract_v1","src/cli/cmd_dir.cpp",true,"","noargs=report ; usage=DIR <path> ; usage_access=DIR USAGE"
"ARG_DIR_SLOT","command","DIR","SLOT","en-US","GLOBAL","placeholder","value",false,false,"usage_contract_v1","src/cli/cmd_dir.cpp",true,"","noargs=report ; usage=DIR <slot> ; usage_access=DIR USAGE"
"ARG_DISPLAY_RECNO","command","DISPLAY","RECNO","en-US","GLOBAL","placeholder","value",true,false,"usage_contract_v1","src/cli/cmd_display.cpp",true,"","noargs=report ; usage=DISPLAY <recno> ; usage_access=DISPLAY USAGE"
"ARG_DOTHELP_TERM","command","DOTHELP","TERM","en-US","GLOBAL","placeholder","value",true,false,"usage_contract_v1","src/cli/cmd_dothelp.cpp",true,"","noargs=report ; usage=DOTHELP <term> ; usage=HELP /DOT <term> ; usage_access=DOTHELP USAGE"
"ARG_DOTSCRIPT_FILE","command","DOTSCRIPT","FILE","en-US","GLOBAL","placeholder","file-path",false,false,"usage_contract_v1","src/cli/cmd_dotscript.cpp",true,"","noargs=usage ; usage=DOTSCRIPT <file> ; usage=DOTSCRIPT @<file> ; usage=DOTSCRIPT TRACE <file> ; usage=DOTSCRIPT TRACE @<file> ; usage=DOTSCRIPT TRACE OFF <file> ; usage=DOTSCRIPT TRACE OFF @<file> ; usage=DOTSCRIPT TRACE ON <file> ; usage=DOTSCRIPT TRACE ON @<file> ; usage_access=DOTSCRIPT USAGE"
"ARG_DRAWIO_N_FILENAME","command","DRAWIO","N_FILENAME","en-US","GLOBAL","placeholder","file-path",false,false,"usage_contract_v1","src/cli/cmd_drawio.cpp",true,"","noargs=execute ; usage=DRAWIO OPEN ALL <n|filename> ; usage=DRAWIO OPEN SYSTEM <n|filename> ; usage=DRAWIO OPEN USER <n|filename> ; usage_access=DRAWIO USAGE"
"ARG_DRAWIO_URL_OR_PATH","command","DRAWIO","URL_OR_PATH","en-US","GLOBAL","placeholder","path",false,false,"usage_contract_v1","src/cli/cmd_drawio.cpp",true,"","noargs=execute ; usage=DRAWIO OPEN <url-or-path> ; usage_access=DRAWIO USAGE"
"ARG_ECHO_TEXT","command","ECHO","TEXT","en-US","GLOBAL","placeholder","value",true,false,"usage_contract_v1","src/cli/cmd_echo.cpp",true,"","noargs=report ; usage=ECHO <text> ; usage_access=ECHO USAGE"
"ARG_ERASE_TABLE","command","ERASE","TABLE","en-US","GLOBAL","placeholder","table-ref",true,false,"usage_contract_v1","src/cli/cmd_erase.cpp",true,"","noargs=usage ; usage=ERASE <table> [CONFIRM] ; usage=ERASE TABLE <table> [CONFIRM] ; usage_access=ERASE USAGE"
"ARG_ERSATZ_ALIAS","command","ERSATZ","ALIAS","en-US","GLOBAL","placeholder","value",false,false,"usage_contract_v1","src/cli/cmd_ersatz.cpp",true,"","noargs=report ; usage=ERSATZ PATH <alias> ; usage=ERSATZ ROOT <alias> ; usage_access=ERSATZ USAGE"
"ARG_ERSATZ_N","command","ERSATZ","N","en-US","GLOBAL","placeholder","value",false,false,"usage_contract_v1","src/cli/cmd_ersatz.cpp",true,"","noargs=report ; usage=ERSATZ LIMIT <n> ; usage=ERSATZ NEXT <n> ; usage=ERSATZ PREV <n> ; usage=ERSATZ SKIP <n> ; usage_access=ERSATZ USAGE"
"ARG_ERSATZ_NAME","command","ERSATZ","NAME","en-US","GLOBAL","placeholder","value",false,false,"usage_contract_v1","src/cli/cmd_ersatz.cpp",true,"","noargs=report ; usage=ERSATZ DELTA CLEAR <name> ; usage=ERSATZ DELTA MARK <name> ; usage=ERSATZ DELTA SHOW <name> ; usage=ERSATZ LOAD <name> ; usage=ERSATZ SAVE <name> ; usage=ERSATZ WLOAD <name> ; usage_access=ERSATZ USAGE"
"ARG_ERSATZ_WORKSPACE","command","ERSATZ","WORKSPACE","en-US","GLOBAL","placeholder","value",false,false,"usage_contract_v1","src/cli/cmd_ersatz.cpp",true,"","noargs=report ; usage=ERSATZ OPEN <workspace> ; usage_access=ERSATZ USAGE"
"ARG_EXPORT_FILE","command","EXPORT","FILE","en-US","GLOBAL","placeholder","file-path",true,false,"usage_contract_v1","src/cli/cmd_export.cpp",true,"","noargs=usage ; usage=EXPORT <open-area-token> TO <file> [CSV|PIPE] ; usage=EXPORT [TO] <file> [CSV|PIPE] ; usage_access=EXPORT USAGE"
"ARG_EXPORT_OPEN_AREA_TOKEN","command","EXPORT","OPEN_AREA_TOKEN","en-US","GLOBAL","placeholder","value",false,false,"usage_contract_v1","src/cli/cmd_export.cpp",true,"","noargs=usage ; usage=EXPORT <open-area-token> TO <file> [CSV|PIPE] ; usage_access=EXPORT USAGE"
"ARG_EXPORTFUNCTIONS_PATH","command","EXPORTFUNCTIONS","PATH","en-US","GLOBAL","placeholder","path",false,false,"usage_contract_v1","src/cli/cmd_export_functions.cpp",true,"","noargs=create ; usage=EXPORTFUNCTIONS <path> ; usage=EXPORTFUNCTIONS MD <path> ; usage_access=EXPORTFUNCTIONS USAGE"
"ARG_FIELDMGR_NAME","command","FIELDMGR","NAME","en-US","GLOBAL","placeholder","value",false,false,"usage_contract_v1","src/cli/cmd_fieldmgr.cpp",true,"","noargs=report ; usage=FIELDMGR APPEND <name> <type> ; usage=FIELDMGR DELETE <name> ; usage=FIELDMGR MODIFY <name> NAME <newname> ; usage=FIELDMGR MODIFY <name> TO <newname> <type> ; usage=FIELDMGR MODIFY <name> TYPE <type> ; usage_access=FIELDMGR USAGE"
"ARG_FIELDMGR_NEWNAME","command","FIELDMGR","NEWNAME","en-US","GLOBAL","placeholder","value",false,false,"usage_contract_v1","src/cli/cmd_fieldmgr.cpp",true,"","noargs=report ; usage=FIELDMGR MODIFY <name> NAME <newname> ; usage=FIELDMGR MODIFY <name> TO <newname> <type> ; usage_access=FIELDMGR USAGE"
"ARG_FIELDMGR_TARGET","command","FIELDMGR","TARGET","en-US","GLOBAL","placeholder","value",false,false,"usage_contract_v1","src/cli/cmd_fieldmgr.cpp",true,"","noargs=report ; usage=FIELDMGR COPY TO <target> ; usage_access=FIELDMGR USAGE"
"ARG_FIELDMGR_TYPE","command","FIELDMGR","TYPE","en-US","GLOBAL","placeholder","value",false,false,"usage_contract_v1","src/cli/cmd_fieldmgr.cpp",true,"","noargs=report ; usage=FIELDMGR APPEND <name> <type> ; usage=FIELDMGR MODIFY <name> TO <newname> <type> ; usage=FIELDMGR MODIFY <name> TYPE <type> ; usage_access=FIELDMGR USAGE"
"ARG_FIND_FIELD","command","FIND","FIELD","en-US","GLOBAL","placeholder","field-name",false,false,"usage_contract_v1","src/cli/cmd_find.cpp",true,"","noargs=usage ; usage=FIND <field> <text> ; usage=FIND <text> IN <field> ; usage_access=FIND USAGE"
"ARG_FIND_TEXT","command","FIND","TEXT","en-US","GLOBAL","placeholder","value",true,false,"usage_contract_v1","src/cli/cmd_find.cpp",true,"","noargs=usage ; usage=FIND <field> <text> ; usage=FIND <text> ; usage=FIND <text> IN <field> ; usage_access=FIND USAGE"
"ARG_FOXHELP_NAME","command","FOXHELP","NAME","en-US","GLOBAL","placeholder","value",false,false,"usage_contract_v1","src/cli/cmd_foxhelp.cpp",true,"","noargs=report ; usage=FH <name> ; usage=FOXHELP <name> ; usage_access=FOXHELP USAGE"
"ARG_FOXHELP_SEARCH","command","FOXHELP","SEARCH","en-US","GLOBAL","placeholder","value",false,false,"usage_contract_v1","src/cli/cmd_foxhelp.cpp",true,"","noargs=report ; usage=FH <search> ; usage=FOXHELP <search> ; usage_access=FOXHELP USAGE"
"ARG_FOXSTANDARD_COMMAND","command","FOXSTANDARD","COMMAND","en-US","GLOBAL","placeholder","value",false,false,"usage_contract_v1","src/cli/cmd_foxstandard.cpp",true,"","noargs=usage ; usage=FOXSTANDARD <command> ; usage_access=FOXSTANDARD USAGE"
"ARG_GO_N","command","GO","N","en-US","GLOBAL","placeholder","value",false,false,"usage_contract_v1","src/cli/cmd_go.cpp",true,"","noargs=navigate ; usage=GO +<n> ; usage=GO -<n> ; usage_access=GO USAGE"
"ARG_GO_RECNO","command","GO","RECNO","en-US","GLOBAL","placeholder","value",false,false,"usage_contract_v1","src/cli/cmd_go.cpp",true,"","noargs=navigate ; usage=GO <recno> ; usage=GO RECORD <recno> ; usage=GO TO <recno> ; usage_access=GO USAGE"
"ARG_GOTO_RECNO","command","GOTO","RECNO","en-US","GLOBAL","placeholder","value",false,false,"usage_contract_v1","src/cli/cmd_goto.cpp",true,"","noargs=usage ; usage=GOTO <recno> ; usage_access=GOTO USAGE"
"ARG_HELP_COMMAND","command","HELP","COMMAND","en-US","GLOBAL","placeholder","value",false,false,"usage_contract_v1","src/cli/cmd_help.cpp",true,"","noargs=report ; usage=HELP <command> ; usage_access=HELP USAGE"
"ARG_HELP_NAME","command","HELP","NAME","en-US","GLOBAL","placeholder","value",false,false,"usage_contract_v1","src/cli/cmd_help.cpp",true,"","noargs=report ; usage=HELP FUNCTION <name> ; usage_access=HELP USAGE"
"ARG_HELP_TOPIC","command","HELP","TOPIC","en-US","GLOBAL","placeholder","value",false,false,"usage_contract_v1","src/cli/cmd_help.cpp",true,"","noargs=report ; usage=HELP /DOT <topic> ; usage=HELP /ED <topic> ; usage=HELP /FOX <topic> ; usage_access=HELP USAGE"
"ARG_IDX_ALGO","command","IDX","ALGO","en-US","GLOBAL","placeholder","value",false,false,"usage_contract_v1","src/cli/cmd_idx.cpp",true,"","noargs=report ; usage=IDX ON <field|#n> TAG <name> <algo> ; usage=IDX ON <field|#n> TAG <name> SORT <algo> ; usage_access=IDX USAGE"
"ARG_IDX_FIELD_N","command","IDX","FIELD_N","en-US","GLOBAL","placeholder","field-name",false,false,"usage_contract_v1","src/cli/cmd_idx.cpp",true,"","noargs=report ; usage=IDX ON <field|#n> TAG <name> ; usage=IDX ON <field|#n> TAG <name> <algo> ; usage=IDX ON <field|#n> TAG <name> ASC ; usage=IDX ON <field|#n> TAG <name> DESC ; usage=IDX ON <field|#n> TAG <name> SORT <algo> ; usage_access=IDX USAGE"
"ARG_IDX_NAME","command","IDX","NAME","en-US","GLOBAL","placeholder","value",false,false,"usage_contract_v1","src/cli/cmd_idx.cpp",true,"","noargs=report ; usage=IDX ON <field|#n> TAG <name> ; usage=IDX ON <field|#n> TAG <name> <algo> ; usage=IDX ON <field|#n> TAG <name> ASC ; usage=IDX ON <field|#n> TAG <name> DESC ; usage=IDX ON <field|#n> TAG <name> SORT <algo> ; usage_access=IDX USAGE"
"ARG_IDX_TAG","command","IDX","TAG","en-US","GLOBAL","placeholder","name",false,false,"usage_contract_v1","src/cli/cmd_idx.cpp",true,"","noargs=report ; usage=IDX DROP <tag> ; usage_access=IDX USAGE"
"ARG_IMAGE_FILE","command","IMAGE","FILE","en-US","GLOBAL","placeholder","file-path",true,false,"usage_contract_v1","src/cli/cmd_image_display.cpp",true,"","noargs=usage ; usage=IMAGE <file> ; usage=IMAGE INFO <file> ; usage_access=IMAGE USAGE"
"ARG_IMPORT_CSVFILE","command","IMPORT","CSVFILE","en-US","GLOBAL","placeholder","file-path",true,false,"usage_contract_v1","src/cli/cmd_import.cpp",true,"","noargs=usage ; usage=IMPORT <csvfile> ; usage_access=IMPORT USAGE"
"ARG_INDEX_FIELD","command","INDEX","FIELD","en-US","GLOBAL","placeholder","field-name",true,false,"usage_contract_v1","src/cli/cmd_index.cpp",true,"","noargs=usage ; usage=INDEX ON <field> TAG <name> ; usage=INDEX ON <field> TAG <name> 1INX ; usage=INDEX ON <field> TAG <name> 2INX ; usage=INDEX ON <field> TAG <name> ASC ; usage=INDEX ON <field> TAG <name> ASC 1INX ; usage=INDEX ON <field> TAG <name> DESC ; usage=INDEX ON <field> TAG <name> DESC 2INX ; usage_access=INDEX USAGE"
"ARG_INDEX_NAME","command","INDEX","NAME","en-US","GLOBAL","placeholder","value",true,false,"usage_contract_v1","src/cli/cmd_index.cpp",true,"","noargs=usage ; usage=INDEX ON <field> TAG <name> ; usage=INDEX ON <field> TAG <name> 1INX ; usage=INDEX ON <field> TAG <name> 2INX ; usage=INDEX ON <field> TAG <name> ASC ; usage=INDEX ON <field> TAG <name> ASC 1INX ; usage=INDEX ON <field> TAG <name> DESC ; usage=INDEX ON <field> TAG <name> DESC 2INX ; usage_access=INDEX USAGE"
"ARG_INDEXSEEK_TAG_OR_PATH","command","INDEXSEEK","TAG_OR_PATH","en-US","GLOBAL","placeholder","path",false,false,"usage_contract_v1","src/cli/cmd_indexseek.cpp",true,"","noargs=report ; usage=INDEXSEEK <value> SOFT TAG <tag-or-path> ; usage=INDEXSEEK <value> TAG <tag-or-path> ; usage_access=INDEXSEEK USAGE"
"ARG_INDEXSEEK_VALUE","command","INDEXSEEK","VALUE","en-US","GLOBAL","placeholder","expression",true,false,"usage_contract_v1","src/cli/cmd_indexseek.cpp",true,"","noargs=report ; usage=INDEXSEEK <value> ; usage=INDEXSEEK <value> SOFT ; usage=INDEXSEEK <value> SOFT TAG <tag-or-path> ; usage=INDEXSEEK <value> TAG <tag-or-path> ; usage_access=INDEXSEEK USAGE"
"ARG_INSERT_FIELD","command","INSERT","FIELD","en-US","GLOBAL","placeholder","field-name",false,false,"usage_contract_v1","src/cli/cmd_sql_insert.cpp",true,"","noargs=usage ; usage=INSERT <field>=<value> [, <field>=<value> ...] ; usage_access=INSERT USAGE"
"ARG_INSERT_FIELD_LIST","command","INSERT","FIELD_LIST","en-US","GLOBAL","placeholder","field-name",false,false,"usage_contract_v1","src/cli/cmd_sql_insert.cpp",true,"","noargs=usage ; usage=INSERT (<field-list>) VALUES (<value-list>) ; usage_access=INSERT USAGE"
"ARG_INSERT_VALUE","command","INSERT","VALUE","en-US","GLOBAL","placeholder","expression",false,true,"usage_contract_v1","src/cli/cmd_sql_insert.cpp",true,"","noargs=usage ; usage=INSERT <field>=<value> [, <field>=<value> ...] ; usage_access=INSERT USAGE"
"ARG_INSERT_VALUE_LIST","command","INSERT","VALUE_LIST","en-US","GLOBAL","placeholder","expression",false,false,"usage_contract_v1","src/cli/cmd_sql_insert.cpp",true,"","noargs=usage ; usage=INSERT (<field-list>) VALUES (<value-list>) ; usage_access=INSERT USAGE"
"ARG_LIST_LIMIT","command","LIST","LIMIT","en-US","GLOBAL","placeholder","value",false,false,"usage_contract_v1","src/cli/cmd_list.cpp",true,"","noargs=report ; usage=LIST <limit> ; usage=LIST BOTTOM <limit> ; usage=LIST TOP <limit> ; usage_access=LIST USAGE"
"ARG_LIST_PREDICATE","command","LIST","PREDICATE","en-US","GLOBAL","placeholder","predicate",false,false,"usage_contract_v1","src/cli/cmd_list.cpp",true,"","noargs=report ; usage=LIST FOR <predicate> ; usage_access=LIST USAGE"
"ARG_LIST_LMDB_LIMIT","command","LIST_LMDB","LIMIT","en-US","GLOBAL","placeholder","value",false,false,"usage_contract_v1","src/cli/cmd_list_lmdb.cpp",true,"","noargs=report ; usage=LIST_LMDB <limit> ; usage=LL <limit> ; usage_access=LIST_LMDB USAGE"
"ARG_LIST_LMDB_TAG","command","LIST_LMDB","TAG","en-US","GLOBAL","placeholder","name",false,false,"usage_contract_v1","src/cli/cmd_list_lmdb.cpp",true,"","noargs=report ; usage=LIST_LMDB <tag> ; usage_access=LIST_LMDB USAGE"
"ARG_LOCATE_EXPR","command","LOCATE","EXPR","en-US","GLOBAL","placeholder","expression",false,false,"usage_contract_v1","src/cli/cmd_locate.cpp",true,"","noargs=usage ; usage=LOCATE FOR <expr> ; usage_access=LOCATE USAGE"
"ARG_LOCATE_FIELD","command","LOCATE","FIELD","en-US","GLOBAL","placeholder","field-name",false,false,"usage_contract_v1","src/cli/cmd_locate.cpp",true,"","noargs=usage ; usage=LOCATE <field> <op> <value> ; usage_access=LOCATE USAGE"
"ARG_LOCATE_OP","command","LOCATE","OP","en-US","GLOBAL","placeholder","value",false,false,"usage_contract_v1","src/cli/cmd_locate.cpp",true,"","noargs=usage ; usage=LOCATE <field> <op> <value> ; usage_access=LOCATE USAGE"
"ARG_LOCATE_VALUE","command","LOCATE","VALUE","en-US","GLOBAL","placeholder","expression",false,false,"usage_contract_v1","src/cli/cmd_locate.cpp",true,"","noargs=usage ; usage=LOCATE <field> <op> <value> ; usage_access=LOCATE USAGE"
"ARG_LOCK_N","command","LOCK","N","en-US","GLOBAL","placeholder","value",false,false,"usage_contract_v1","src/cli/cmd_lock.cpp",true,"","noargs=mutate ; usage=LOCK <n> ; usage=LOCK WHO <n> ; usage_access=LOCK USAGE"
"ARG_LOOP_LABEL","command","LOOP","LABEL","en-US","GLOBAL","placeholder","value",false,false,"usage_contract_v1","src/cli/cmd_loop.cpp",true,"","noargs=execute ; usage=LOOP FOR <label> ; usage=LOOP OVERRIDE <label> ; usage_access=LOOP USAGE"
"ARG_LOOP_N","command","LOOP","N","en-US","GLOBAL","placeholder","value",false,false,"usage_contract_v1","src/cli/cmd_loop.cpp",true,"","noargs=execute ; usage=LOOP <n> ; usage=LOOP <n> TIMES ; usage=LOOP FOR <n> ; usage=LOOP FOR <n> TIMES ; usage_access=LOOP USAGE"
"ARG_PRN_NAME","command","PRN","NAME","en-US","GLOBAL","placeholder","value",false,false,"usage_contract_v1","src/cli/cmd_prn.cpp",true,"","noargs=report ; usage=PRN TO PRINTER <name> ; usage_access=PRN USAGE"
"ARG_PRN_PATH","command","PRN","PATH","en-US","GLOBAL","placeholder","path",false,false,"usage_contract_v1","src/cli/cmd_prn.cpp",true,"","noargs=report ; usage=PRN TO FILE <path> ; usage_access=PRN USAGE"
"ARG_PROJECTS_NAME","command","PROJECTS","NAME","en-US","GLOBAL","placeholder","value",false,false,"usage_contract_v1","src/cli/cmd_projects.cpp",true,"","noargs=report ; usage=PROJECTS CREATE <name> [DATA|FEATURE|HYBRID] ; usage=PROJECTS DELETE <name> [CONFIRM] ; usage=PROJECTS INFO <name> ; usage=PROJECTS TREE <name> ; usage_access=PROJECTS USAGE"
"ARG_PSHELL_CATEGORY","command","PSHELL","CATEGORY","en-US","GLOBAL","placeholder","value",false,false,"usage_contract_v1","src/cli/cmd_pshell_help.cpp",true,"","noargs=report ; usage=PSHELL <category> ; usage_access=PSHELL USAGE"
"ARG_PSHELL_TERM","command","PSHELL","TERM","en-US","GLOBAL","placeholder","value",false,false,"usage_contract_v1","src/cli/cmd_pshell_help.cpp",true,"","noargs=report ; usage=PSHELL <term> ; usage_access=PSHELL USAGE"
"ARG_REBUILD_NAME_OR_PATH_CNX","command","REBUILD","NAME_OR_PATH_CNX","en-US","GLOBAL","placeholder","path",true,false,"usage_contract_v1","src/cli/cmd_rebuild.cpp",true,"","noargs=mutate ; usage=REBUILD <name-or-path.cnx> ; usage_access=REBUILD USAGE"
"ARG_RECALL_EXPR","command","RECALL","EXPR","en-US","GLOBAL","placeholder","expression",false,false,"usage_contract_v1","src/cli/cmd_recall.cpp",true,"","noargs=recall-current ; usage=RECALL FOR <expr> ; usage_access=RECALL USAGE"
"ARG_RECALL_N","command","RECALL","N","en-US","GLOBAL","placeholder","value",false,false,"usage_contract_v1","src/cli/cmd_recall.cpp",true,"","noargs=recall-current ; usage=RECALL NEXT <n> ; usage_access=RECALL USAGE"
"ARG_RECNO_N","command","RECNO","N","en-US","GLOBAL","placeholder","value",true,false,"usage_contract_v1","src/cli/cmd_recno.cpp",true,"","noargs=report ; usage=RECNO <n> ; usage_access=RECNO USAGE"
"ARG_REINDEX_NAME_OR_PATH_CNX","command","REINDEX","NAME_OR_PATH_CNX","en-US","GLOBAL","placeholder","path",false,false,"usage_contract_v1","src/cli/cmd_reindex.cpp",true,"","noargs=mutate ; usage=REINDEX CNX <name-or-path.cnx> ; usage_access=REINDEX USAGE"
"ARG_REINDEX_TAGFILE","command","REINDEX","TAGFILE","en-US","GLOBAL","placeholder","file-path",false,false,"usage_contract_v1","src/cli/cmd_reindex.cpp",true,"","noargs=mutate ; usage=REINDEX <tagfile> ; usage=REINDEX INX <tagfile> ; usage=REINDEX SCX <tagfile> ; usage=REINDEX SIX <tagfile> ; usage_access=REINDEX USAGE"
"ARG_RELATIONS_CHILD","command","RELATIONS","CHILD","en-US","GLOBAL","placeholder","value",false,false,"usage_contract_v1","src/cli/cmd_relations.cpp",true,"","noargs=report ; usage=SET RELATIONS ADD <parent> <child> ON f1[,f2...] [TO child_f1[,child_f2...]] ; usage_access=RELATIONS USAGE"
"ARG_RELATIONS_PARENT","command","RELATIONS","PARENT","en-US","GLOBAL","placeholder","value",false,false,"usage_contract_v1","src/cli/cmd_relations.cpp",true,"","noargs=report ; usage=SET RELATIONS ADD <parent> <child> ON f1[,f2...] [TO child_f1[,child_f2...]] ; usage_access=RELATIONS USAGE"
"ARG_RELATIONS_PARENT_ALL","command","RELATIONS","PARENT_ALL","en-US","GLOBAL","placeholder","value",false,false,"usage_contract_v1","src/cli/cmd_relations.cpp",true,"","noargs=report ; usage=SET RELATIONS CLEAR <parent|ALL> ; usage_access=RELATIONS USAGE"
"ARG_REPLACE_FIELD_INDEX","command","REPLACE","FIELD_INDEX","en-US","GLOBAL","placeholder","field-name",false,false,"usage_contract_v1","src/cli/cmd_replace.cpp",true,"","noargs=usage ; usage=REPLACE <field_index> WITH <value> ; usage_access=REPLACE USAGE"
"ARG_REPLACE_FIELD_NAME","command","REPLACE","FIELD_NAME","en-US","GLOBAL","placeholder","field-name",false,false,"usage_contract_v1","src/cli/cmd_replace.cpp",true,"","noargs=usage ; usage=REPLACE <field_name> WITH <value> ; usage_access=REPLACE USAGE"
"ARG_REPLACE_VALUE","command","REPLACE","VALUE","en-US","GLOBAL","placeholder","expression",true,false,"usage_contract_v1","src/cli/cmd_replace.cpp",true,"","noargs=usage ; usage=REPLACE <field_index> WITH <value> ; usage=REPLACE <field_name> WITH <value> ; usage_access=REPLACE USAGE"
"ARG_REPLACE_MULTI_FIELD","command","REPLACE_MULTI","FIELD","en-US","GLOBAL","placeholder","field-name",true,false,"usage_contract_v1","src/cli/cmd_replace_multi.cpp",true,"","noargs=usage ; usage=REPLACE_MULTI <field> WITH <value>[, <field> WITH <value>]... ; usage_access=REPLACE_MULTI USAGE"
"ARG_REPLACE_MULTI_VALUE","command","REPLACE_MULTI","VALUE","en-US","GLOBAL","placeholder","expression",true,false,"usage_contract_v1","src/cli/cmd_replace_multi.cpp",true,"","noargs=usage ; usage=REPLACE_MULTI <field> WITH <value>[, <field> WITH <value>]... ; usage_access=REPLACE_MULTI USAGE"
"ARG_RETRO_SYSTEM","command","RETRO","SYSTEM","en-US","GLOBAL","placeholder","value",false,false,"usage_contract_v1","src/cli/cmd_retro.cpp",true,"","noargs=usage ; usage=RETRO <system> ; usage=RETRO SHOW <system> ; usage_access=RETRO USAGE"
"ARG_RULE_FIELD_ALL","command","RULE","FIELD_ALL","en-US","GLOBAL","placeholder","field-name",false,false,"usage_contract_v1","src/cli/cmd_rule.cpp",true,"","noargs=report ; usage=RULE SHOW <field|ALL> ; usage_access=RULE USAGE"
"ARG_SCAN_EXPR","command","SCAN","EXPR","en-US","GLOBAL","placeholder","expression",false,false,"usage_contract_v1","src/cli/cmd_scan.cpp",true,"","noargs=block-start ; usage=SCAN FOR <expr> ; usage_access=SCAN USAGE"
"ARG_SCX_FILE","command","SCX","FILE","en-US","GLOBAL","placeholder","file-path",true,false,"usage_contract_v1","src/cli/cmd_scx.cpp",true,"","noargs=usage ; usage=SCX ADDTAG <file> <name> FIELD <n> ; usage=SCX ADDTAG <file> <name> FIELD <n> DESC ; usage=SCX BUILD <file> ; usage=SCX CREATE <file> ; usage=SCX INFO <file> ; usage=SCX TAGS <file> ; usage_access=SCX USAGE"
"ARG_SCX_N","command","SCX","N","en-US","GLOBAL","placeholder","value",false,false,"usage_contract_v1","src/cli/cmd_scx.cpp",true,"","noargs=usage ; usage=SCX ADDTAG <file> <name> FIELD <n> ; usage=SCX ADDTAG <file> <name> FIELD <n> DESC ; usage_access=SCX USAGE"
"ARG_SCX_NAME","command","SCX","NAME","en-US","GLOBAL","placeholder","value",false,false,"usage_contract_v1","src/cli/cmd_scx.cpp",true,"","noargs=usage ; usage=SCX ADDTAG <file> <name> FIELD <n> ; usage=SCX ADDTAG <file> <name> FIELD <n> DESC ; usage_access=SCX USAGE"
"ARG_SEEK_FIELD","command","SEEK","FIELD","en-US","GLOBAL","placeholder","field-name",false,false,"usage_contract_v1","src/cli/cmd_seek.cpp",true,"","noargs=usage ; usage=SEEK <field> <value> [TRACE ON|OFF] ; usage=SEEK <field> = <value> [TRACE ON|OFF] ; usage=SEEK <value> IN <field> [TRACE ON|OFF] ; usage_access=SEEK USAGE"
"ARG_SEEK_VALUE","command","SEEK","VALUE","en-US","GLOBAL","placeholder","expression",false,false,"usage_contract_v1","src/cli/cmd_seek.cpp",true,"","noargs=usage ; usage=SEEK <field> <value> [TRACE ON|OFF] ; usage=SEEK <field> = <value> [TRACE ON|OFF] ; usage=SEEK <value> ; usage=SEEK <value> IN <field> [TRACE ON|OFF] ; usage_access=SEEK USAGE"
"ARG_SELECT_N","command","SELECT","N","en-US","GLOBAL","placeholder","value",false,false,"usage_contract_v1","src/cli/cmd_select.cpp",true,"","noargs=usage ; usage=SELECT <n> ; usage_access=SELECT USAGE"
"ARG_SELECT_NAME","command","SELECT","NAME","en-US","GLOBAL","placeholder","value",false,false,"usage_contract_v1","src/cli/cmd_select.cpp",true,"","noargs=usage ; usage=SELECT <name> ; usage_access=SELECT USAGE"
"ARG_SELECT_TABLE_DBF","command","SELECT","TABLE_DBF","en-US","GLOBAL","placeholder","table-ref",false,false,"usage_contract_v1","src/cli/cmd_select.cpp",true,"","noargs=usage ; usage=SELECT <table.dbf> ; usage_access=SELECT USAGE"
"ARG_SET_ARGS","command","SET","ARGS","en-US","GLOBAL","placeholder","value",false,false,"usage_contract_v1","src/cli/cmd_set.cpp",true,"","noargs=usage ; usage=SET CDX <args> ; usage=SET CNX <args> ; usage=SET FILTER <args> ; usage=SET INDEX <args> ; usage=SET LMDB <args> ; usage=SET ORDER <args> ; usage=SET RELATION <args> ; usage_access=SET USAGE"
"ARG_SET_FILE","command","SET","FILE","en-US","GLOBAL","placeholder","file-path",false,false,"usage_contract_v1","src/cli/cmd_set.cpp",true,"","noargs=usage ; usage=SET ALTERNATE TO <file> ; usage=SET PRINT TO <file> ; usage_access=SET USAGE"
"ARG_SET_LOCALE_DEFAULT","command","SET","LOCALE_DEFAULT","en-US","GLOBAL","placeholder","locale-code",false,false,"usage_contract_v1","src/cli/cmd_set.cpp",true,"","noargs=usage ; usage=SET LANGUAGE TO <locale|DEFAULT> ; usage=SET LOCALE TO <locale|DEFAULT> ; usage_access=SET USAGE"
"ARG_SET_PATH","command","SET","PATH","en-US","GLOBAL","placeholder","path",false,false,"usage_contract_v1","src/cli/cmd_set.cpp",true,"","noargs=usage ; usage=SET DEVICE TO FILE <path> ; usage=SET PATH <slot> <path> ; usage_access=SET USAGE"
"ARG_SET_SLOT","command","SET","SLOT","en-US","GLOBAL","placeholder","value",false,false,"usage_contract_v1","src/cli/cmd_set.cpp",true,"","noargs=usage ; usage=SET PATH <slot> <path> ; usage_access=SET USAGE"
"ARG_SET_VALUE","command","SET","VALUE","en-US","GLOBAL","placeholder","expression",false,false,"usage_contract_v1","src/cli/cmd_set.cpp",true,"","noargs=usage ; usage=SET EDITOR TO <value> ; usage_access=SET USAGE"
"ARG_SET_CDX_NAME_OR_PATH","command","SET CDX","NAME_OR_PATH","en-US","GLOBAL","placeholder","path",true,false,"usage_contract_v1","src/cli/cmd_setcdx.cpp",true,"","noargs=mutate ; usage=SET CDX <name-or-path> ; usage=SETCDX <name-or-path> ; usage_access=SET CDX USAGE"
"ARG_SET_CNX_NAME_OR_PATH","command","SET CNX","NAME_OR_PATH","en-US","GLOBAL","placeholder","path",true,false,"usage_contract_v1","src/cli/cmd_setcnx.cpp",true,"","noargs=mutate ; usage=SET CNX <name-or-path> ; usage=SETCNX <name-or-path> ; usage_access=SET CNX USAGE"
"ARG_SET_FILTER_EXPR","command","SET FILTER","EXPR","en-US","GLOBAL","placeholder","expression",false,false,"usage_contract_v1","src/cli/cmd_setfilter.cpp",true,"","noargs=usage ; usage=SET FILTER TO <expr> ; usage=SETFILTER TO <expr> ; usage_access=SET FILTER USAGE"
"ARG_SET_INDEX_CONTAINER","command","SET INDEX","CONTAINER","en-US","GLOBAL","placeholder","value",true,false,"usage_contract_v1","src/cli/cmd_setindex.cpp",true,"","noargs=usage ; usage=SET INDEX TO <container> ; usage=SET INDEX TO <container> <tag> ; usage=SET INDEX TO <container> TAG <tag> ; usage=SETINDEX TO <container> ; usage=SETINDEX TO <container> <tag> ; usage=SETINDEX TO <container> TAG <tag> ; usage_access=SET INDEX USAGE"
"ARG_SET_INDEX_TAG","command","SET INDEX","TAG","en-US","GLOBAL","placeholder","name",false,false,"usage_contract_v1","src/cli/cmd_setindex.cpp",true,"","noargs=usage ; usage=SET INDEX TO <container> <tag> ; usage=SET INDEX TO <container> TAG <tag> ; usage=SETINDEX TO <container> <tag> ; usage=SETINDEX TO <container> TAG <tag> ; usage_access=SET INDEX USAGE"
"ARG_SET_ORDER_ALIAS","command","SET ORDER","ALIAS","en-US","GLOBAL","placeholder","value",false,false,"usage_contract_v1","src/cli/cmd_setorder.cpp",true,"","noargs=report ; usage=SET ORDER TAG <tag> IN <alias> ; usage_access=SET ORDER USAGE"
"ARG_SET_ORDER_CONTAINER","command","SET ORDER","CONTAINER","en-US","GLOBAL","placeholder","value",false,false,"usage_contract_v1","src/cli/cmd_setorder.cpp",true,"","noargs=report ; usage=SET ORDER <container> <tag> ; usage=SET ORDER <container> <tag> ASC ; usage=SET ORDER <container> <tag> DESC ; usage_access=SET ORDER USAGE"
"ARG_SET_ORDER_TAG","command","SET ORDER","TAG","en-US","GLOBAL","placeholder","name",false,false,"usage_contract_v1","src/cli/cmd_setorder.cpp",true,"","noargs=report ; usage=SET ORDER <container> <tag> ; usage=SET ORDER <container> <tag> ASC ; usage=SET ORDER <container> <tag> DESC ; usage=SET ORDER <tag> ; usage=SET ORDER TAG <tag> ; usage=SET ORDER TAG <tag> IN <alias> ; usage=SETORDER <tag> ; usage_access=SET ORDER USAGE"
"ARG_SET_PATH_PATH","command","SET PATH","PATH","en-US","GLOBAL","placeholder","path",false,false,"usage_contract_v1","src/cli/cmd_setpath_command.cpp",true,"","noargs=report ; usage=SET PATH <slot> <path> ; usage=SET PATH <slot> = <path> ; usage=SET PATH <slot> TO <path> ; usage=SETPATH DATA <path> ; usage=SETPATH DBF <path> ; usage=SETPATH HELP <path> ; usage=SETPATH INDEXES <path> ; usage=SETPATH LMDB <path> ; usage=SETPATH LOGS <path> ; usage=SETPATH PROJECTS <path> ; usage=SETPATH SCHEMAS <path> ; usage=SETPATH SCRIPTS <path> ; usage=SETPATH TESTS <path> ; usage=SETPATH TMP <path> ; usage=SETPATH WORKSPACES <path> ; usage=SETPATH XDBF <path> ; usage_access=SET PATH USAGE"
"ARG_SET_PATH_SLOT","command","SET PATH","SLOT","en-US","GLOBAL","placeholder","value",false,false,"usage_contract_v1","src/cli/cmd_setpath_command.cpp",true,"","noargs=report ; usage=SET PATH <slot> <path> ; usage=SET PATH <slot> = <path> ; usage=SET PATH <slot> TO <path> ; usage_access=SET PATH USAGE"
"ARG_SET_RELATION_CHILD","command","SET RELATION","CHILD","en-US","GLOBAL","placeholder","value",true,false,"usage_contract_v1","src/cli/cmd_set_relation.cpp",true,"","noargs=usage ; usage=SET RELATION ADDITIVE TO <expr> INTO <child> ; usage=SET RELATION OFF INTO <child> ; usage=SET RELATION TO <expr> INTO <child> ; usage=SET RELATION TO <expr> INTO <child>, <expr> INTO <child> ; usage_access=SET RELATION USAGE"
"ARG_SET_RELATION_EXPR","command","SET RELATION","EXPR","en-US","GLOBAL","placeholder","expression",false,false,"usage_contract_v1","src/cli/cmd_set_relation.cpp",true,"","noargs=usage ; usage=SET RELATION ADDITIVE TO <expr> INTO <child> ; usage=SET RELATION TO <expr> INTO <child> ; usage=SET RELATION TO <expr> INTO <child>, <expr> INTO <child> ; usage_access=SET RELATION USAGE"
"ARG_SET_UNIQUE_NAME","command","SET UNIQUE","NAME","en-US","GLOBAL","placeholder","value",true,false,"usage_contract_v1","src/cli/cmd_setunique.cpp",true,"","noargs=report ; usage=SET UNIQUE FIELD <name> OFF ; usage=SET UNIQUE FIELD <name> ON ; usage_access=SET UNIQUE USAGE"
"ARG_SHOWINI_INI_FILE","command","SHOWINI","INI_FILE","en-US","GLOBAL","placeholder","file-path",false,false,"usage_contract_v1","src/cli/cmd_showini.cpp",true,"","noargs=report ; usage=SHOWINI PATH <ini-file> ; usage_access=SHOWINI USAGE"
"ARG_SHOWINI_TABLE_OR_INI","command","SHOWINI","TABLE_OR_INI","en-US","GLOBAL","placeholder","table-ref",false,false,"usage_contract_v1","src/cli/cmd_showini.cpp",true,"","noargs=report ; usage=SHOWINI <table-or-ini> ; usage_access=SHOWINI USAGE"
"ARG_SIMPLEBROWSE_EXPR","command","SIMPLEBROWSE","EXPR","en-US","GLOBAL","placeholder","expression",false,false,"usage_contract_v1","src/cli/cmd_simple_browser.cpp",true,"","noargs=launch ; usage=SIMPLEBROWSE [FOR <expr>] [RAW|PRETTY] [PAGE <n>] [ALL] [TOP|BOTTOM] ; usage_access=SIMPLEBROWSE USAGE"
"ARG_SIMPLEBROWSE_LITERAL","command","SIMPLEBROWSE","LITERAL","en-US","GLOBAL","placeholder","value",false,false,"usage_contract_v1","src/cli/cmd_simple_browser.cpp",true,"","noargs=launch ; usage=SIMPLEBROWSE [START KEY <literal>] [QUIET] [EDIT|SESSION] ; usage_access=SIMPLEBROWSE USAGE"
"ARG_SIMPLEBROWSE_N","command","SIMPLEBROWSE","N","en-US","GLOBAL","placeholder","value",false,false,"usage_contract_v1","src/cli/cmd_simple_browser.cpp",true,"","noargs=launch ; usage=SIMPLEBROWSE [FOR <expr>] [RAW|PRETTY] [PAGE <n>] [ALL] [TOP|BOTTOM] ; usage_access=SIMPLEBROWSE USAGE"
"ARG_SKIP_N","command","SKIP","N","en-US","GLOBAL","placeholder","value",true,false,"usage_contract_v1","src/cli/cmd_skip.cpp",true,"","noargs=navigate ; usage=SKIP <n> ; usage_access=SKIP USAGE"
"ARG_SMARTLIST_FIELDS","command","SMARTLIST","FIELDS","en-US","GLOBAL","placeholder","field-name",false,false,"usage_contract_v1","src/cli/cmd_smartlist.cpp",true,"","noargs=report ; usage=SMARTLIST <fields> ; usage_access=SMARTLIST USAGE"
"ARG_SMARTLIST_LIMIT","command","SMARTLIST","LIMIT","en-US","GLOBAL","placeholder","value",false,false,"usage_contract_v1","src/cli/cmd_smartlist.cpp",true,"","noargs=report ; usage=SMARTLIST <limit> ; usage_access=SMARTLIST USAGE"
"ARG_SMARTLIST_N","command","SMARTLIST","N","en-US","GLOBAL","placeholder","value",false,false,"usage_contract_v1","src/cli/cmd_smartlist.cpp",true,"","noargs=report ; usage=SMARTLIST FIRST <n> ; usage=SMARTLIST NEXT <n> ; usage_access=SMARTLIST USAGE"
"ARG_SMARTLIST_PRED","command","SMARTLIST","PRED","en-US","GLOBAL","placeholder","predicate",false,false,"usage_contract_v1","src/cli/cmd_smartlist.cpp",true,"","noargs=report ; usage=SMARTLIST FOR <pred> ; usage_access=SMARTLIST USAGE"
"ARG_SMART_BROWSER_EXPR","command","SMART_BROWSER","EXPR","en-US","GLOBAL","placeholder","expression",false,false,"usage_contract_v1","src/cli/cmd_smart_browser.cpp",true,"","noargs=interactive ; usage=SMART_BROWSER <spec> FOR <expr> ; usage_access=SMART_BROWSER USAGE"
"ARG_SMART_BROWSER_N","command","SMART_BROWSER","N","en-US","GLOBAL","placeholder","value",false,false,"usage_contract_v1","src/cli/cmd_smart_browser.cpp",true,"","noargs=interactive ; usage=SMART_BROWSER <spec> PAGESIZE <n> ; usage_access=SMART_BROWSER USAGE"
"ARG_SMART_BROWSER_SPEC","command","SMART_BROWSER","SPEC","en-US","GLOBAL","placeholder","value",true,false,"usage_contract_v1","src/cli/cmd_smart_browser.cpp",true,"","noargs=interactive ; usage=SMART_BROWSER <spec> ; usage=SMART_BROWSER <spec> FOR <expr> ; usage=SMART_BROWSER <spec> PAGESIZE <n> ; usage=SMART_BROWSER <spec> SHOW JSON ; usage=SMART_BROWSER <spec> SHOW SCHEMA ; usage=SMART_BROWSER <spec> STATUS VERBOSE ; usage_access=SMART_BROWSER USAGE"
"ARG_SORT_EXPR","command","SORT","EXPR","en-US","GLOBAL","placeholder","expression",false,false,"usage_contract_v1","src/cli/cmd_sort.cpp",true,"","noargs=usage ; usage=SORT ALL TO <outdbf> ON <expr> ; usage=SORT DELETED TO <outdbf> ON <expr> ; usage=SORT OVERWRITE TO <outdbf> ON <expr> ; usage=SORT TO <outdbf> ON <expr> ; usage=SORT TO <outdbf> ON <expr> ASC ; usage=SORT TO <outdbf> ON <expr> DESC ; usage=SORT TO <outdbf> ON <expr> FIELDS <fieldlist> ; usage=SORT TO <outdbf> ON <expr> FOR <expr> ; usage=SORT TO <outdbf> ON <expr> UNIQUE ; usage=SORT TO <outdbf> ON <expr> WHILE <expr> ; usage=SORT TO <outdbf> ON <expr>, <expr> ; usage_access=SORT USAGE"
"ARG_SORT_FIELDLIST","command","SORT","FIELDLIST","en-US","GLOBAL","placeholder","field-name",false,false,"usage_contract_v1","src/cli/cmd_sort.cpp",true,"","noargs=usage ; usage=SORT TO <outdbf> ON <expr> FIELDS <fieldlist> ; usage_access=SORT USAGE"
"ARG_SORT_OUTDBF","command","SORT","OUTDBF","en-US","GLOBAL","placeholder","table-ref",true,false,"usage_contract_v1","src/cli/cmd_sort.cpp",true,"","noargs=usage ; usage=SORT ALL TO <outdbf> ON <expr> ; usage=SORT DELETED TO <outdbf> ON <expr> ; usage=SORT OVERWRITE TO <outdbf> ON <expr> ; usage=SORT TO <outdbf> ON <expr> ; usage=SORT TO <outdbf> ON <expr> ASC ; usage=SORT TO <outdbf> ON <expr> DESC ; usage=SORT TO <outdbf> ON <expr> FIELDS <fieldlist> ; usage=SORT TO <outdbf> ON <expr> FOR <expr> ; usage=SORT TO <outdbf> ON <expr> UNIQUE ; usage=SORT TO <outdbf> ON <expr> WHILE <expr> ; usage=SORT TO <outdbf> ON <expr>, <expr> ; usage_access=SORT USAGE"
"ARG_SQL_EXPR","command","SQL","EXPR","en-US","GLOBAL","placeholder","expression",false,false,"usage_contract_v1","src/cli/cmd_sql.cpp",true,"","noargs=scan/report ; usage=SQL [COUNT] [ALL|DELETED] [FOR <expr> | <expr>] [VERBOSE] ; usage_access=SQL USAGE"
"ARG_SQLERASE_EXPR","command","SQLERASE","EXPR","en-US","GLOBAL","placeholder","expression",true,false,"usage_contract_v1","src/cli/cmd_sql_erase.cpp",true,"","noargs=usage ; usage=SQLERASE FROM <table> WHERE <expr> ; usage_access=SQLERASE USAGE"
"ARG_SQLERASE_TABLE","command","SQLERASE","TABLE","en-US","GLOBAL","placeholder","table-ref",true,false,"usage_contract_v1","src/cli/cmd_sql_erase.cpp",true,"","noargs=usage ; usage=SQLERASE FROM <table> WHERE <expr> ; usage_access=SQLERASE USAGE"
"ARG_SQLHELP_CATEGORY","command","SQLHELP","CATEGORY","en-US","GLOBAL","placeholder","value",false,false,"usage_contract_v1","src/cli/cmd_sql_help.cpp",true,"","noargs=report ; usage=SQLHELP <category> ; usage_access=SQLHELP USAGE"
"ARG_SQLHELP_TERM","command","SQLHELP","TERM","en-US","GLOBAL","placeholder","value",false,false,"usage_contract_v1","src/cli/cmd_sql_help.cpp",true,"","noargs=report ; usage=SQLHELP <term> ; usage_access=SQLHELP USAGE"
"ARG_SQLITE_FILE","command","SQLITE","FILE","en-US","GLOBAL","placeholder","file-path",false,false,"usage_contract_v1","src/cli/cmd_sqlite.cpp",true,"","noargs=report ; usage=SQLITE OPEN <file> ; usage_access=SQLITE USAGE"
"ARG_SQLSEL_EXPR","command","SQLSEL","EXPR","en-US","GLOBAL","placeholder","expression",false,false,"usage_contract_v1","src/cli/cmd_sql_select.cpp",true,"","noargs=scan/report ; usage=SQLSEL [COUNT] [ALL|DELETED] [FOR <expr> | <expr>] ; usage_access=SQLSEL USAGE"
"ARG_TEST_LOGFILE","command","TEST","LOGFILE","en-US","GLOBAL","placeholder","file-path",false,false,"usage_contract_v1","src/cli/cmd_test.cpp",true,"","noargs=usage ; usage=TEST <scriptfile> <logfile> ; usage=TEST <scriptfile> <logfile> VERBOSE ; usage_access=TEST USAGE"
"ARG_TEST_SCRIPTFILE","command","TEST","SCRIPTFILE","en-US","GLOBAL","placeholder","file-path",true,false,"usage_contract_v1","src/cli/cmd_test.cpp",true,"","noargs=usage ; usage=TEST <scriptfile> ; usage=TEST <scriptfile> <logfile> ; usage=TEST <scriptfile> <logfile> VERBOSE ; usage=TEST <scriptfile> VERBOSE ; usage_access=TEST USAGE"
"ARG_TUPEXPORT_EXPR","command","TUPEXPORT","EXPR","en-US","GLOBAL","placeholder","expression",false,false,"usage_contract_v1","src/cli/cmd_tupexport.cpp",true,"","noargs=usage ; usage=TUPEXPORT CSV <path> * FOR <expr> ; usage_access=TUPEXPORT USAGE"
"ARG_TUPEXPORT_FIELD_LIST","command","TUPEXPORT","FIELD_LIST","en-US","GLOBAL","placeholder","field-name",false,false,"usage_contract_v1","src/cli/cmd_tupexport.cpp",true,"","noargs=usage ; usage=TUPEXPORT CSV <path> FIELDS <field-list> ; usage_access=TUPEXPORT USAGE"
"ARG_TUPEXPORT_PATH","command","TUPEXPORT","PATH","en-US","GLOBAL","placeholder","path",true,false,"usage_contract_v1","src/cli/cmd_tupexport.cpp",true,"","noargs=usage ; usage=TUPEXPORT CSV <path> ; usage=TUPEXPORT CSV <path> * FOR <expr> ; usage=TUPEXPORT CSV <path> <tuple-spec> ; usage=TUPEXPORT CSV <path> FIELDS <field-list> ; usage_access=TUPEXPORT USAGE"
"ARG_TUPEXPORT_TUPLE_SPEC","command","TUPEXPORT","TUPLE_SPEC","en-US","GLOBAL","placeholder","value",false,false,"usage_contract_v1","src/cli/cmd_tupexport.cpp",true,"","noargs=usage ; usage=TUPEXPORT CSV <path> <tuple-spec> ; usage_access=TUPEXPORT USAGE"
"ARG_TUPLE_SPEC","command","TUPLE","SPEC","en-US","GLOBAL","placeholder","value",true,false,"usage_contract_v1","src/cli/cmd_tuple.cpp",true,"","noargs=report ; usage=TUPLE <spec> ; usage=TUPLE <spec> --AREA-PREFIX ; usage=TUPLE <spec> --DEBUG ; usage=TUPLE <spec> --HEADER ; usage=TUPLE <spec> --HEADER-ONLY ; usage=TUPLE <spec> --NO-ECHO ; usage=TUPLE <spec> --NULL <token> ; usage=TUPLE <spec> --STRICT ; usage=TUPLE <spec> --VALUES-ONLY ; usage=TUPLE <spec> DEBUG ; usage_access=TUPLE USAGE"
"ARG_TUPLE_TOKEN","command","TUPLE","TOKEN","en-US","GLOBAL","placeholder","value",false,false,"usage_contract_v1","src/cli/cmd_tuple.cpp",true,"","noargs=report ; usage=TUPLE <spec> --NULL <token> ; usage_access=TUPLE USAGE"
"ARG_TUPTALK_DEC","command","TUPTALK","DEC","en-US","GLOBAL","placeholder","value",false,false,"usage_contract_v1","src/cli/cmd_tuptalk.cpp",true,"","noargs=report ; usage=TUPTALK ADD <type> <len> <dec> <raw> ; usage_access=TUPTALK USAGE"
"ARG_TUPTALK_FIELD","command","TUPTALK","FIELD","en-US","GLOBAL","placeholder","field-name",false,false,"usage_contract_v1","src/cli/cmd_tuptalk.cpp",true,"","noargs=report ; usage=TUPTALK PUSH <field> ; usage_access=TUPTALK USAGE"
"ARG_TUPTALK_LEN","command","TUPTALK","LEN","en-US","GLOBAL","placeholder","value",false,false,"usage_contract_v1","src/cli/cmd_tuptalk.cpp",true,"","noargs=report ; usage=TUPTALK ADD <type> <len> <dec> <raw> ; usage=TUPTALK ADD <type> <len> <raw> ; usage_access=TUPTALK USAGE"
"ARG_TUPTALK_MASK","command","TUPTALK","MASK","en-US","GLOBAL","placeholder","value",false,false,"usage_contract_v1","src/cli/cmd_tuptalk.cpp",true,"","noargs=report ; usage=TUPTALK PUSH ALL FILTER <mask> ; usage=TUPTALK PUSH FILTER <mask> ; usage_access=TUPTALK USAGE"
"ARG_TUPTALK_PATH","command","TUPTALK","PATH","en-US","GLOBAL","placeholder","path",false,false,"usage_contract_v1","src/cli/cmd_tuptalk.cpp",true,"","noargs=report ; usage=TUPTALK EXPORT CSV <path> ; usage=TUPTALK EXPORT TSV <path> ; usage_access=TUPTALK USAGE"
"ARG_TUPTALK_RAW","command","TUPTALK","RAW","en-US","GLOBAL","placeholder","value",false,false,"usage_contract_v1","src/cli/cmd_tuptalk.cpp",true,"","noargs=report ; usage=TUPTALK ADD <type> <len> <dec> <raw> ; usage=TUPTALK ADD <type> <len> <raw> ; usage_access=TUPTALK USAGE"
"ARG_TUPTALK_TYPE","command","TUPTALK","TYPE","en-US","GLOBAL","placeholder","value",false,false,"usage_contract_v1","src/cli/cmd_tuptalk.cpp",true,"","noargs=report ; usage=TUPTALK ADD <type> <len> <dec> <raw> ; usage=TUPTALK ADD <type> <len> <raw> ; usage_access=TUPTALK USAGE"
"ARG_TUPVALIDATE_EXPR","command","TUPVALIDATE","EXPR","en-US","GLOBAL","placeholder","expression",false,false,"usage_contract_v1","src/cli/cmd_tupvalidate.cpp",true,"","noargs=report ; usage=TUPVALIDATE * FOR <expr> ; usage=TUPVALIDATE * FOR <expr> MAX <n> ; usage=TUPVALIDATE * FOR <expr> TRACE ; usage_access=TUPVALIDATE USAGE"
"ARG_TUPVALIDATE_N","command","TUPVALIDATE","N","en-US","GLOBAL","placeholder","value",false,false,"usage_contract_v1","src/cli/cmd_tupvalidate.cpp",true,"","noargs=report ; usage=TUPVALIDATE * FOR <expr> MAX <n> ; usage_access=TUPVALIDATE USAGE"
"ARG_TUPVALIDATE_TUPLE_SPEC","command","TUPVALIDATE","TUPLE_SPEC","en-US","GLOBAL","placeholder","value",false,false,"usage_contract_v1","src/cli/cmd_tupvalidate.cpp",true,"","noargs=report ; usage=TUPVALIDATE <tuple-spec> ; usage_access=TUPVALIDATE USAGE"
"ARG_UNLOCK_RECNO","command","UNLOCK","RECNO","en-US","GLOBAL","placeholder","value",false,false,"usage_contract_v1","src/cli/cmd_unlock.cpp",true,"","noargs=unlock-current-record ; usage=UNLOCK <recno> ; usage_access=UNLOCK USAGE"
"ARG_UNTIL_BOOL_EXPR","command","UNTIL","BOOL_EXPR","en-US","GLOBAL","placeholder","expression",false,false,"usage_contract_v1","src/cli/cmd_until.cpp",true,"","noargs=block-start ; usage=UNTIL <bool-expr> [QUIET] ; usage_access=UNTIL USAGE"
"ARG_UPDATE_EXPR","command","UPDATE","EXPR","en-US","GLOBAL","placeholder","expression",false,false,"usage_contract_v1","src/cli/cmd_sql_update.cpp",true,"","noargs=usage ; usage=UPDATE SET <field>=<value>[, ...] [WHERE <expr>] ; usage_access=UPDATE USAGE"
"ARG_UPDATE_FIELD","command","UPDATE","FIELD","en-US","GLOBAL","placeholder","field-name",true,false,"usage_contract_v1","src/cli/cmd_sql_update.cpp",true,"","noargs=usage ; usage=UPDATE SET <field>=<value>[, ...] [WHERE <expr>] ; usage_access=UPDATE USAGE"
"ARG_UPDATE_VALUE","command","UPDATE","VALUE","en-US","GLOBAL","placeholder","expression",true,false,"usage_contract_v1","src/cli/cmd_sql_update.cpp",true,"","noargs=usage ; usage=UPDATE SET <field>=<value>[, ...] [WHERE <expr>] ; usage_access=UPDATE USAGE"
"ARG_USE_PATH_TABLE_DBF","command","USE","PATH_TABLE_DBF","en-US","GLOBAL","placeholder","path",false,false,"usage_contract_v1","src/cli/cmd_use.cpp",true,"","noargs=usage ; usage=USE <path\table.dbf> ; usage_access=USE USAGE"
"ARG_USE_TABLE","command","USE","TABLE","en-US","GLOBAL","placeholder","table-ref",false,false,"usage_contract_v1","src/cli/cmd_use.cpp",true,"","noargs=usage ; usage=USE <table> ; usage=USE <table> NOIDX ; usage=USE <table> NOINDEX ; usage_access=USE USAGE"
"ARG_USE_TABLE_DBF","command","USE","TABLE_DBF","en-US","GLOBAL","placeholder","table-ref",false,false,"usage_contract_v1","src/cli/cmd_use.cpp",true,"","noargs=usage ; usage=USE <table.dbf> ; usage_access=USE USAGE"
"ARG_VALIDATE_NAME","command","VALIDATE","NAME","en-US","GLOBAL","placeholder","value",true,false,"usage_contract_v1","src/cli/cmd_validate.cpp",true,"","noargs=usage ; usage=VALIDATE UNIQUE FIELD <name> [IGNORE DELETED] [REPAIR] [REPORT TO <path>] ; usage_access=VALIDATE USAGE"
"ARG_VALIDATE_PATH","command","VALIDATE","PATH","en-US","GLOBAL","placeholder","path",false,false,"usage_contract_v1","src/cli/cmd_validate.cpp",true,"","noargs=usage ; usage=VALIDATE UNIQUE FIELD <name> [IGNORE DELETED] [REPAIR] [REPORT TO <path>] ; usage_access=VALIDATE USAGE"
"ARG_VALIDATE_UNIQUE_NAME","command","VALIDATE UNIQUE","NAME","en-US","GLOBAL","placeholder","value",true,false,"usage_contract_v1","src/cli/cmd_validate_unique.cpp",true,"","noargs=usage ; usage=VALIDATE UNIQUE FIELD <name> [IGNORE DELETED] [REPAIR] [REPORT TO <path>] ; usage_access=VALIDATE UNIQUE USAGE"
"ARG_VALIDATE_UNIQUE_PATH","command","VALIDATE UNIQUE","PATH","en-US","GLOBAL","placeholder","path",false,false,"usage_contract_v1","src/cli/cmd_validate_unique.cpp",true,"","noargs=usage ; usage=VALIDATE UNIQUE FIELD <name> [IGNORE DELETED] [REPAIR] [REPORT TO <path>] ; usage_access=VALIDATE UNIQUE USAGE"
"ARG_VAR_EXPRESSION","command","VAR","EXPRESSION","en-US","GLOBAL","placeholder","expression",true,false,"usage_contract_v1","src/cli/cmd_var.cpp",true,"","noargs=usage ; usage=VAR <name> = <expression> ; usage_access=VAR USAGE"
"ARG_VAR_NAME","command","VAR","NAME","en-US","GLOBAL","placeholder","value",true,false,"usage_contract_v1","src/cli/cmd_var.cpp",true,"","noargs=usage ; usage=VAR <name> = <expression> ; usage_access=VAR USAGE"
"ARG_WEB_FILE","command","WEB","FILE","en-US","GLOBAL","placeholder","file-path",false,false,"usage_contract_v1","src/cli/cmd_web.cpp",true,"","noargs=usage ; usage=WEB FETCH <url> TO <file> ; usage_access=WEB USAGE"
"ARG_WEB_URL","command","WEB","URL","en-US","GLOBAL","placeholder","value",true,false,"usage_contract_v1","src/cli/cmd_web.cpp",true,"","noargs=usage ; usage=WEB FETCH <url> TO <file> ; usage=WEB GET <url> ; usage=WEB HEAD <url> ; usage=WEB LAUNCH <url> ; usage=WEB OPEN <url> ; usage_access=WEB USAGE"
"ARG_WHERE_EXPR","command","WHERE","EXPR","en-US","GLOBAL","placeholder","expression",false,false,"usage_contract_v1","src/cli/cmd_where.cpp",true,"","noargs=report ; usage=WHERE <expr> ; usage=WHERE <expr> DEBUG ; usage_access=WHERE USAGE"
"ARG_WHERECACHE_N","command","WHERECACHE","N","en-US","GLOBAL","placeholder","value",false,false,"usage_contract_v1","src/cli/cmd_wherecache.cpp",true,"","noargs=report ; usage=WHERECACHE CAP <n> ; usage_access=WHERECACHE USAGE"
"ARG_WHILE_BOOL_EXPR","command","WHILE","BOOL_EXPR","en-US","GLOBAL","placeholder","expression",false,false,"usage_contract_v1","src/cli/cmd_while.cpp",true,"","noargs=block-start ; usage=WHILE <bool-expr> [QUIET] ; usage_access=WHILE USAGE"
"ARG_WORKSPACE_DIR","command","WORKSPACE","DIR","en-US","GLOBAL","placeholder","value",false,false,"usage_contract_v1","src/cli/cmd_workspace.cpp",true,"","noargs=report ; usage=WORKSPACE OPEN <dir> ; usage_access=WORKSPACE USAGE"
"ARG_WORKSPACE_FILE","command","WORKSPACE","FILE","en-US","GLOBAL","placeholder","file-path",false,false,"usage_contract_v1","src/cli/cmd_workspace.cpp",true,"","noargs=report ; usage=WORKSPACE LOAD <file> ; usage=WORKSPACE SAVE <file> ; usage_access=WORKSPACE USAGE"
"ARG_WORKSPACE_FILE_DBF","command","WORKSPACE","FILE_DBF","en-US","GLOBAL","placeholder","file-path",false,false,"usage_contract_v1","src/cli/cmd_workspace.cpp",true,"","noargs=report ; usage=WORKSPACE OPEN <file.dbf> ; usage_access=WORKSPACE USAGE"
"ARG_WORKSPACE_N","command","WORKSPACE","N","en-US","GLOBAL","placeholder","value",false,false,"usage_contract_v1","src/cli/cmd_workspace.cpp",true,"","noargs=report ; usage=WORKSPACE CLOSE <n> [m ...] ; usage=WORKSPACE TUPLES [LIMIT <n>] [OFFSET <n>] [AREA <n>] ; usage_access=WORKSPACE USAGE"
"ARG_WORKSPACE_NAME_FILE_STEM_ALIAS","command","WORKSPACE","NAME_FILE_STEM_ALIAS","en-US","GLOBAL","placeholder","file-path",false,false,"usage_contract_v1","src/cli/cmd_workspace.cpp",true,"","noargs=report ; usage=WORKSPACE CLOSE <name|file|stem|alias>[,...] ; usage_access=WORKSPACE USAGE"
"ARG_WORKSPACE_TARGET","command","WORKSPACE","TARGET","en-US","GLOBAL","placeholder","value",false,false,"usage_contract_v1","src/cli/cmd_workspace.cpp",true,"","noargs=report ; usage=WORKSPACE OPEN <target> CDX [FALLBACK] [recursive] [TABLE] ; usage=WORKSPACE OPEN <target> CNX [FALLBACK] [recursive] [TABLE] ; usage=WORKSPACE OPEN <target> INX [FALLBACK] [recursive] [TABLE] ; usage_access=WORKSPACE USAGE"
"ARG_ZIP_ARCHIVE_ZIP","command","ZIP","ARCHIVE_ZIP","en-US","GLOBAL","placeholder","value",true,false,"usage_contract_v1","src/cli/cmd_zip.cpp",true,"","noargs=usage ; usage=ZIP CREATE <archive.zip> <path> ; usage=ZIP EXTRACT <archive.zip> [target_dir] ; usage=ZIP LIST <archive.zip> ; usage_access=ZIP USAGE"
"ARG_ZIP_PATH","command","ZIP","PATH","en-US","GLOBAL","placeholder","path",false,false,"usage_contract_v1","src/cli/cmd_zip.cpp",true,"","noargs=usage ; usage=ZIP CREATE <archive.zip> <path> ; usage_access=ZIP USAGE"
